Flow Duration,Total Fwd Packets,Total Backward Packets,Total Length of Fwd Packets,Total Length of Bwd Packets,Fwd Packet Length Max,Fwd Packet Length Min,Fwd Packet Length Mean,Fwd Packet Length Std,Bwd Packet Length Max,Bwd Packet Length Min,Bwd Packet Length Mean,Bwd Packet Length Std,Flow Bytes/s,Flow Packets/s,Flow IAT Mean,Fwd IAT Total,Bwd IAT Total,Fwd PSH Flags,Bwd PSH Flags,Fwd Header Length,Bwd Header Length
1727337116.321661,3987,0,3796869,0,1258,50,952.3122648607975,445.67928000947745,0,inf,0,[],0,0,0,0,0,0,0,79740,0
1727337116.322208,237,0,23402,0,150,52,98.74261603375527,23.033257051826265,0,inf,0,[],0,0,0,0,0,0,0,4740,0
1727337116.914320,8,0,2900,0,364,352,362.5,4.242640687119285,0,inf,0,[],0,0,0,0,0,0,0,160,0
1727337117.219281,139,0,32717,0,278,52,235.37410071942446,44.96057425578628,0,inf,0,[],0,0,0,0,0,0,0,2780,0
1727337118.118619,177,0,39936,0,271,50,225.6271186440678,51.78338788067672,0,inf,0,[],0,0,0,0,0,0,0,3540,0
1727337118.601409,1,0,179,0,179,179,179.0,,0,inf,0,[],0,0,0,0,0,0,0,20,0
1727337120.148167,5,0,357,0,141,54,71.4,38.90758280849634,0,inf,0,[],0,0,0,0,0,0,0,100,0
1727337120.148361,4,0,301,0,108,54,75.25,26.272609310839304,0,inf,0,[],0,0,0,0,0,0,0,80,0
1727337121.260626,4,0,228,0,66,54,57.0,6.0,0,inf,0,[],0,0,0,0,0,0,0,80,0
1727337121.260867,4,0,228,0,66,54,57.0,6.0,0,inf,0,[],0,0,0,0,0,0,0,80,0
1727337121.261126,3,0,174,0,66,54,58.0,6.928203230275509,0,inf,0,[],0,0,0,0,0,0,0,60,0
1727337121.262801,2,0,120,0,66,54,60.0,8.48528137423857,0,inf,0,[],0,0,0,0,0,0,0,40,0
1727337121.270686,2,0,120,0,66,54,60.0,8.48528137423857,0,inf,0,[],0,0,0,0,0,0,0,40,0
1727337121.270686,1,0,66,0,66,66,66.0,,0,inf,0,[],0,0,0,0,0,0,0,20,0
1727337121.274073,241,0,29179,0,345,54,121.0746887966805,47.247162860221025,0,inf,0,[],0,0,0,0,0,0,0,4820,0
1727337121.278333,4,0,228,0,66,54,57.0,6.0,0,inf,0,[],0,0,0,0,0,0,0,80,0
1727337121.278596,4,0,228,0,66,54,57.0,6.0,0,inf,0,[],0,0,0,0,0,0,0,80,0
1727337121.278773,3,0,174,0,66,54,58.0,6.928203230275509,0,inf,0,[],0,0,0,0,0,0,0,60,0
1727337121.285023,2,0,120,0,66,54,60.0,8.48528137423857,0,inf,0,[],0,0,0,0,0,0,0,40,0
1727337121.285023,2,0,120,0,66,54,60.0,8.48528137423857,0,inf,0,[],0,0,0,0,0,0,0,40,0
1727337121.285023,1,0,66,0,66,66,66.0,,0,inf,0,[],0,0,0,0,0,0,0,20,0
1727337121.317254,234,0,48107,0,1506,54,205.5854700854701,172.61993766104843,0,inf,0,[],0,0,0,0,0,0,0,4680,0
1727337122.840911,6,0,498,0,112,54,83.0,31.767908335299634,0,inf,0,[],0,0,0,0,0,0,0,120,0
1727337122.961128,3,0,303,0,101,101,101.0,0.0,0,inf,0,[],0,0,0,0,0,0,0,60,0
1727337122.966116,1562,0,348084,0,281,50,222.8450704225352,55.03055180237109,0,inf,0,[],0,0,0,0,0,0,0,31240,0
1727337123.000999,1488,0,327996,0,285,50,220.42741935483872,59.157911398469224,0,inf,0,[],0,0,0,0,0,0,0,29760,0
1727337123.056292,44,0,4678,0,110,92,106.31818181818181,7.3445842324510595,0,inf,0,[],0,0,0,0,0,0,0,880,0
1727337126.163516,52,0,4778,0,175,75,91.88461538461539,30.364875119546287,0,inf,0,[],0,0,0,0,0,0,0,1040,0
1727337126.378723,4,0,716,0,179,179,179.0,0.0,0,inf,0,[],0,0,0,0,0,0,0,80,0
1727337126.951599,17768,0,15672777,0,1259,50,882.0788496172895,463.0972538263144,0,inf,0,[],0,0,0,0,0,0,0,355360,0
1727337126.994609,1181,0,114836,0,154,52,97.23624047417442,19.740758166104758,0,inf,0,[],0,0,0,0,0,0,0,23620,0
1727337127.291973,8,0,432,0,54,54,54.0,0.0,0,inf,0,[],0,0,0,0,0,0,0,160,0
1727337127.292091,4,0,216,0,54,54,54.0,0.0,0,inf,0,[],0,0,0,0,0,0,0,80,0
1727337133.841989,10,0,3784,0,1506,54,378.4,510.91860625957065,0,inf,0,[],0,0,0,0,0,0,0,200,0
1727337134.049617,13,0,11478,0,1506,54,882.9230769230769,702.9486066489808,0,inf,0,[],0,0,0,0,0,0,0,260,0
1727337135.184088,6,0,418,0,136,54,69.66666666666667,32.849150166582184,0,inf,0,[],0,0,0,0,0,0,0,120,0
1727337135.232931,4,0,379,0,205,54,94.75,73.7173656610164,0,inf,0,[],0,0,0,0,0,0,0,80,0
1727337139.048146,4,0,228,0,66,54,57.0,6.0,0,inf,0,[],0,0,0,0,0,0,0,80,0
1727337139.048481,4,0,228,0,66,54,57.0,6.0,0,inf,0,[],0,0,0,0,0,0,0,80,0
1727337139.048732,4,0,228,0,66,54,57.0,6.0,0,inf,0,[],0,0,0,0,0,0,0,80,0
1727337139.051639,2,0,120,0,66,54,60.0,8.48528137423857,0,inf,0,[],0,0,0,0,0,0,0,40,0
1727337139.051639,2,0,120,0,66,54,60.0,8.48528137423857,0,inf,0,[],0,0,0,0,0,0,0,40,0
1727337139.051639,2,0,120,0,66,54,60.0,8.48528137423857,0,inf,0,[],0,0,0,0,0,0,0,40,0
1727337140.847006,2,0,150,0,75,75,75.0,0.0,0,inf,0,[],0,0,0,0,0,0,0,40,0
1727337141.180495,1,0,207,0,207,207,207.0,,0,inf,0,[],0,0,0,0,0,0,0,20,0
1727337141.180495,1,0,207,0,207,207,207.0,,0,inf,0,[],0,0,0,0,0,0,0,20,0
1727337142.028644,1,0,75,0,75,75,75.0,,0,inf,0,[],0,0,0,0,0,0,0,20,0
1727337142.188602,3,0,237,0,79,79,79.0,0.0,0,inf,0,[],0,0,0,0,0,0,0,60,0
1727337142.240587,24,0,27000,0,1125,1125,1125.0,0.0,0,inf,0,[],0,0,0,0,0,0,0,480,0
1727337142.431025,1,0,179,0,179,179,179.0,,0,inf,0,[],0,0,0,0,0,0,0,20,0
1727337142.669858,11,0,7326,0,666,666,666.0,0.0,0,inf,0,[],0,0,0,0,0,0,0,220,0
1727337143.024039,1,0,207,0,207,207,207.0,,0,inf,0,[],0,0,0,0,0,0,0,20,0
1727337143.024840,1,0,207,0,207,207,207.0,,0,inf,0,[],0,0,0,0,0,0,0,20,0
1727337143.641230,24,0,3000,0,125,125,125.0,0.0,0,inf,0,[],0,0,0,0,0,0,0,480,0
1727337143.648191,6,0,420,0,70,70,70.0,0.0,0,inf,0,[],0,0,0,0,0,0,0,120,0
1727337143.648398,6,0,420,0,70,70,70.0,0.0,0,inf,0,[],0,0,0,0,0,0,0,120,0
1727337143.649720,6,0,420,0,70,70,70.0,0.0,0,inf,0,[],0,0,0,0,0,0,0,120,0
1727337143.650827,6,0,420,0,70,70,70.0,0.0,0,inf,0,[],0,0,0,0,0,0,0,120,0
1727337143.651997,6,0,420,0,70,70,70.0,0.0,0,inf,0,[],0,0,0,0,0,0,0,120,0
1727337143.653150,6,0,420,0,70,70,70.0,0.0,0,inf,0,[],0,0,0,0,0,0,0,120,0
1727337143.654106,6,0,420,0,70,70,70.0,0.0,0,inf,0,[],0,0,0,0,0,0,0,120,0
1727337143.655388,6,0,420,0,70,70,70.0,0.0,0,inf,0,[],0,0,0,0,0,0,0,120,0
1727337143.656296,6,0,336,0,56,56,56.0,0.0,0,inf,0,[],0,0,0,0,0,0,0,120,0
1727337143.657145,6,0,336,0,56,56,56.0,0.0,0,inf,0,[],0,0,0,0,0,0,0,120,0
1727337143.658246,6,0,336,0,56,56,56.0,0.0,0,inf,0,[],0,0,0,0,0,0,0,120,0
1727337143.659216,6,0,336,0,56,56,56.0,0.0,0,inf,0,[],0,0,0,0,0,0,0,120,0
1727337143.814284,18,0,4816,0,277,252,267.55555555555554,11.743444840932586,0,inf,0,[],0,0,0,0,0,0,0,360,0
1727337144.050160,1,0,207,0,207,207,207.0,,0,inf,0,[],0,0,0,0,0,0,0,20,0
1727337144.050160,1,0,207,0,207,207,207.0,,0,inf,0,[],0,0,0,0,0,0,0,20,0
1727337144.050898,1,0,207,0,207,207,207.0,,0,inf,0,[],0,0,0,0,0,0,0,20,0
1727337144.153225,15,0,2581,0,179,143,172.06666666666666,12.578136738385533,0,inf,0,[],0,0,0,0,0,0,0,300,0
1727337145.077566,1,0,207,0,207,207,207.0,,0,inf,0,[],0,0,0,0,0,0,0,20,0
1727337145.077868,1,0,207,0,207,207,207.0,,0,inf,0,[],0,0,0,0,0,0,0,20,0
1727337145.077868,1,0,207,0,207,207,207.0,,0,inf,0,[],0,0,0,0,0,0,0,20,0
1727337145.530420,16,0,6852,0,1494,54,428.25,570.5656257901744,0,inf,0,[],0,0,0,0,0,0,0,320,0
1727337145.753727,12,0,7693,0,1506,54,641.0833333333334,664.0014318622751,0,inf,0,[],0,0,0,0,0,0,0,240,0
1727337146.099608,1,0,207,0,207,207,207.0,,0,inf,0,[],0,0,0,0,0,0,0,20,0
1727337146.099608,1,0,207,0,207,207,207.0,,0,inf,0,[],0,0,0,0,0,0,0,20,0
1727337147.121228,1,0,207,0,207,207,207.0,,0,inf,0,[],0,0,0,0,0,0,0,20,0
1727337147.121228,1,0,207,0,207,207,207.0,,0,inf,0,[],0,0,0,0,0,0,0,20,0
1727337147.122272,1,0,207,0,207,207,207.0,,0,inf,0,[],0,0,0,0,0,0,0,20,0
1727337148.145099,1,0,207,0,207,207,207.0,,0,inf,0,[],0,0,0,0,0,0,0,20,0
1727337148.145099,1,0,207,0,207,207,207.0,,0,inf,0,[],0,0,0,0,0,0,0,20,0
1727337148.145903,1,0,207,0,207,207,207.0,,0,inf,0,[],0,0,0,0,0,0,0,20,0
1727337149.177470,1,0,207,0,207,207,207.0,,0,inf,0,[],0,0,0,0,0,0,0,20,0
1727337149.177470,1,0,207,0,207,207,207.0,,0,inf,0,[],0,0,0,0,0,0,0,20,0
1727337149.239168,6,0,477,0,105,54,79.5,27.93385043276347,0,inf,0,[],0,0,0,0,0,0,0,120,0
1727337149.249845,6,0,426,0,88,54,71.0,18.62256695517565,0,inf,0,[],0,0,0,0,0,0,0,120,0
1727337149.505706,2,0,100,0,50,50,50.0,0.0,0,inf,0,[],0,0,0,0,0,0,0,48,0
1727337150.234814,4,0,218,0,55,54,54.5,0.5773502691896257,0,inf,0,[],0,0,0,0,0,0,0,80,0
1727337150.271501,3,0,186,0,66,54,62.0,6.928203230275509,0,inf,0,[],0,0,0,0,0,0,0,60,0
1727337150.361628,18,0,12345,0,1494,54,685.8333333333334,679.6914741263126,0,inf,0,[],0,0,0,0,0,0,0,360,0
1727337150.683375,12,0,8163,0,1506,54,680.25,644.5917841407988,0,inf,0,[],0,0,0,0,0,0,0,240,0
1727337152.799367,6,0,477,0,105,54,79.5,27.93385043276347,0,inf,0,[],0,0,0,0,0,0,0,120,0
1727337153.076980,3,0,282,0,94,94,94.0,0.0,0,inf,0,[],0,0,0,0,0,0,0,60,0
1727337154.461599,6,0,550,0,268,54,91.66666666666667,86.51859145100934,0,inf,0,[],0,0,0,0,0,0,0,120,0
1727337154.738397,2,0,339,0,281,58,169.5,157.6848122046001,0,inf,0,[],0,0,0,0,0,0,0,40,0
1727337155.368595,6,0,324,0,54,54,54.0,0.0,0,inf,0,[],0,0,0,0,0,0,0,144,0
1727337160.798445,2,0,110,0,55,55,55.0,0.0,0,inf,0,[],0,0,0,0,0,0,0,40,0
1727337160.967022,2,0,132,0,66,66,66.0,0.0,0,inf,0,[],0,0,0,0,0,0,0,40,0
1727337164.862919,2,0,150,0,75,75,75.0,0.0,0,inf,0,[],0,0,0,0,0,0,0,40,0
1727337164.940124,1,0,207,0,207,207,207.0,,0,inf,0,[],0,0,0,0,0,0,0,20,0
1727337164.941203,1,0,207,0,207,207,207.0,,0,inf,0,[],0,0,0,0,0,0,0,20,0
1727337164.941203,1,0,207,0,207,207,207.0,,0,inf,0,[],0,0,0,0,0,0,0,20,0
1727337165.704387,1,0,75,0,75,75,75.0,,0,inf,0,[],0,0,0,0,0,0,0,20,0
1727337166.705936,1,0,179,0,179,179,179.0,,0,inf,0,[],0,0,0,0,0,0,0,20,0
1727337166.810429,4,0,2664,0,666,666,666.0,0.0,0,inf,0,[],0,0,0,0,0,0,0,80,0
1727337166.885515,1,0,207,0,207,207,207.0,,0,inf,0,[],0,0,0,0,0,0,0,20,0
1727337166.985229,1,0,207,0,207,207,207.0,,0,inf,0,[],0,0,0,0,0,0,0,20,0
1727337166.986136,1,0,207,0,207,207,207.0,,0,inf,0,[],0,0,0,0,0,0,0,20,0
1727337167.279074,7,0,1181,0,179,143,168.71428571428572,17.566201313073595,0,inf,0,[],0,0,0,0,0,0,0,140,0
1727337167.573481,2,0,108,0,54,54,54.0,0.0,0,inf,0,[],0,0,0,0,0,0,0,40,0
1727337167.574939,11,0,10676,0,1506,54,970.5454545454545,686.2862906449996,0,inf,0,[],0,0,0,0,0,0,0,220,0
1727337167.863164,7,0,1373,0,1012,54,196.14285714285714,359.8844391242966,0,inf,0,[],0,0,0,0,0,0,0,140,0
1727337167.907247,1,0,207,0,207,207,207.0,,0,inf,0,[],0,0,0,0,0,0,0,20,0
1727337167.907247,1,0,207,0,207,207,207.0,,0,inf,0,[],0,0,0,0,0,0,0,20,0
1727337168.009303,1,0,207,0,207,207,207.0,,0,inf,0,[],0,0,0,0,0,0,0,20,0
1727337168.932048,1,0,207,0,207,207,207.0,,0,inf,0,[],0,0,0,0,0,0,0,20,0
1727337168.932048,1,0,207,0,207,207,207.0,,0,inf,0,[],0,0,0,0,0,0,0,20,0
1727337169.954833,1,0,207,0,207,207,207.0,,0,inf,0,[],0,0,0,0,0,0,0,20,0
1727337169.954833,1,0,207,0,207,207,207.0,,0,inf,0,[],0,0,0,0,0,0,0,20,0
1727337169.955629,1,0,207,0,207,207,207.0,,0,inf,0,[],0,0,0,0,0,0,0,20,0
1727337170.978761,1,0,207,0,207,207,207.0,,0,inf,0,[],0,0,0,0,0,0,0,20,0
1727337170.978761,1,0,207,0,207,207,207.0,,0,inf,0,[],0,0,0,0,0,0,0,20,0
1727337170.979595,1,0,207,0,207,207,207.0,,0,inf,0,[],0,0,0,0,0,0,0,20,0
1727337171.761164,10,0,2490,0,1147,54,249.0,361.1826253973035,0,inf,0,[],0,0,0,0,0,0,0,200,0
1727337172.007550,1,0,207,0,207,207,207.0,,0,inf,0,[],0,0,0,0,0,0,0,20,0
1727337172.007550,1,0,207,0,207,207,207.0,,0,inf,0,[],0,0,0,0,0,0,0,20,0
1727337172.007632,9,0,7531,0,1506,66,836.7777777777778,658.7117688674193,0,inf,0,[],0,0,0,0,0,0,0,180,0
1727337172.105665,1,0,207,0,207,207,207.0,,0,inf,0,[],0,0,0,0,0,0,0,20,0
1727337173.129345,1,0,207,0,207,207,207.0,,0,inf,0,[],0,0,0,0,0,0,0,20,0
1727337173.132130,1,0,207,0,207,207,207.0,,0,inf,0,[],0,0,0,0,0,0,0,20,0
1727337173.132886,1,0,207,0,207,207,207.0,,0,inf,0,[],0,0,0,0,0,0,0,20,0
1727337178.857925,1,0,179,0,179,179,179.0,,0,inf,0,[],0,0,0,0,0,0,0,20,0
1727337179.057032,4,0,228,0,66,54,57.0,6.0,0,inf,0,[],0,0,0,0,0,0,0,80,0
1727337179.057398,4,0,228,0,66,54,57.0,6.0,0,inf,0,[],0,0,0,0,0,0,0,80,0
1727337179.057636,4,0,228,0,66,54,57.0,6.0,0,inf,0,[],0,0,0,0,0,0,0,80,0
1727337179.059048,2,0,120,0,66,54,60.0,8.48528137423857,0,inf,0,[],0,0,0,0,0,0,0,40,0
1727337179.059048,2,0,120,0,66,54,60.0,8.48528137423857,0,inf,0,[],0,0,0,0,0,0,0,40,0
1727337179.059789,2,0,120,0,66,54,60.0,8.48528137423857,0,inf,0,[],0,0,0,0,0,0,0,40,0
1727337182.966365,1421,0,319633,0,289,50,224.93525686136525,54.00401682785393,0,inf,0,[],0,0,0,0,0,0,0,28420,0
1727337182.994996,622,0,126084,0,282,50,202.7073954983923,68.3654896176526,0,inf,0,[],0,0,0,0,0,0,0,12440,0
1727337185.050450,4,0,228,0,66,54,57.0,6.0,0,inf,0,[],0,0,0,0,0,0,0,80,0
1727337185.050821,4,0,228,0,66,54,57.0,6.0,0,inf,0,[],0,0,0,0,0,0,0,80,0
1727337185.051118,3,0,174,0,66,54,58.0,6.928203230275509,0,inf,0,[],0,0,0,0,0,0,0,60,0
1727337185.052407,2,0,120,0,66,54,60.0,8.48528137423857,0,inf,0,[],0,0,0,0,0,0,0,40,0
1727337185.052407,3,0,174,0,66,54,58.0,6.928203230275509,0,inf,0,[],0,0,0,0,0,0,0,60,0
1727337185.060171,1,0,66,0,66,66,66.0,,0,inf,0,[],0,0,0,0,0,0,0,20,0
1727337185.861907,8,0,1461,0,399,85,182.625,132.17514084404397,0,inf,0,[],0,0,0,0,0,0,0,160,0
1727337186.237936,1,0,207,0,207,207,207.0,,0,inf,0,[],0,0,0,0,0,0,0,20,0
1727337186.238717,1,0,207,0,207,207,207.0,,0,inf,0,[],0,0,0,0,0,0,0,20,0
1727337186.238717,1,0,207,0,207,207,207.0,,0,inf,0,[],0,0,0,0,0,0,0,20,0
1727337186.952467,8619,0,6266055,0,1258,50,727.0048729550992,477.95349049928706,0,inf,0,[],0,0,0,0,0,0,0,172380,0
1727337186.995649,761,0,71544,0,170,52,94.01314060446781,15.222380882401039,0,inf,0,[],0,0,0,0,0,0,0,15220,0
1727337187.282083,5,0,3330,0,666,666,666.0,0.0,0,inf,0,[],0,0,0,0,0,0,0,100,0
1727337187.554464,4,0,670,0,179,143,167.5,17.0,0,inf,0,[],0,0,0,0,0,0,0,80,0
1727337187.733164,1,0,75,0,75,75,75.0,,0,inf,0,[],0,0,0,0,0,0,0,20,0
1727337188.284745,1,0,207,0,207,207,207.0,,0,inf,0,[],0,0,0,0,0,0,0,20,0
1727337188.285501,1,0,207,0,207,207,207.0,,0,inf,0,[],0,0,0,0,0,0,0,20,0
1727337188.286093,1,0,207,0,207,207,207.0,,0,inf,0,[],0,0,0,0,0,0,0,20,0
1727337188.371469,21,0,3639,0,179,143,173.28571428571428,12.93500234689912,0,inf,0,[],0,0,0,0,0,0,0,420,0
1727337189.180454,1,0,75,0,75,75,75.0,,0,inf,0,[],0,0,0,0,0,0,0,20,0
1727337189.313171,1,0,207,0,207,207,207.0,,0,inf,0,[],0,0,0,0,0,0,0,20,0
1727337189.313171,1,0,207,0,207,207,207.0,,0,inf,0,[],0,0,0,0,0,0,0,20,0
1727337189.314191,1,0,207,0,207,207,207.0,,0,inf,0,[],0,0,0,0,0,0,0,20,0
1727337191.356667,1,0,207,0,207,207,207.0,,0,inf,0,[],0,0,0,0,0,0,0,20,0
1727337191.356667,1,0,207,0,207,207,207.0,,0,inf,0,[],0,0,0,0,0,0,0,20,0
1727337191.357542,1,0,207,0,207,207,207.0,,0,inf,0,[],0,0,0,0,0,0,0,20,0
1727337192.381527,1,0,207,0,207,207,207.0,,0,inf,0,[],0,0,0,0,0,0,0,20,0
1727337192.382289,1,0,207,0,207,207,207.0,,0,inf,0,[],0,0,0,0,0,0,0,20,0
1727337192.382289,1,0,207,0,207,207,207.0,,0,inf,0,[],0,0,0,0,0,0,0,20,0
1727337193.405458,1,0,207,0,207,207,207.0,,0,inf,0,[],0,0,0,0,0,0,0,20,0
1727337193.405458,1,0,207,0,207,207,207.0,,0,inf,0,[],0,0,0,0,0,0,0,20,0
1727337193.405548,1,0,207,0,207,207,207.0,,0,inf,0,[],0,0,0,0,0,0,0,20,0
1727337194.428506,1,0,207,0,207,207,207.0,,0,inf,0,[],0,0,0,0,0,0,0,20,0
1727337194.428506,1,0,207,0,207,207,207.0,,0,inf,0,[],0,0,0,0,0,0,0,20,0
1727337194.429322,1,0,207,0,207,207,207.0,,0,inf,0,[],0,0,0,0,0,0,0,20,0
1727337195.029053,6,0,550,0,268,54,91.66666666666667,86.51859145100934,0,inf,0,[],0,0,0,0,0,0,0,120,0
1727337195.318808,2,0,339,0,281,58,169.5,157.6848122046001,0,inf,0,[],0,0,0,0,0,0,0,40,0
1727337195.452631,1,0,207,0,207,207,207.0,,0,inf,0,[],0,0,0,0,0,0,0,20,0
1727337195.452631,1,0,207,0,207,207,207.0,,0,inf,0,[],0,0,0,0,0,0,0,20,0
1727337195.453376,1,0,207,0,207,207,207.0,,0,inf,0,[],0,0,0,0,0,0,0,20,0
1727337195.863674,1,0,142,0,142,142,142.0,,0,inf,0,[],0,0,0,0,0,0,0,20,0
1727337196.476580,1,0,207,0,207,207,207.0,,0,inf,0,[],0,0,0,0,0,0,0,20,0
1727337196.476580,1,0,207,0,207,207,207.0,,0,inf,0,[],0,0,0,0,0,0,0,20,0
1727337196.477317,1,0,207,0,207,207,207.0,,0,inf,0,[],0,0,0,0,0,0,0,20,0
1727337198.564556,4,0,228,0,66,54,57.0,6.0,0,inf,0,[],0,0,0,0,0,0,0,80,0
1727337198.564802,4,0,228,0,66,54,57.0,6.0,0,inf,0,[],0,0,0,0,0,0,0,80,0
1727337198.564937,4,0,228,0,66,54,57.0,6.0,0,inf,0,[],0,0,0,0,0,0,0,80,0
1727337198.570284,2,0,120,0,66,54,60.0,8.48528137423857,0,inf,0,[],0,0,0,0,0,0,0,40,0
1727337198.574053,2,0,120,0,66,54,60.0,8.48528137423857,0,inf,0,[],0,0,0,0,0,0,0,40,0
1727337198.574053,2,0,120,0,66,54,60.0,8.48528137423857,0,inf,0,[],0,0,0,0,0,0,0,40,0
1727337200.500642,1,0,75,0,75,75,75.0,,0,inf,0,[],0,0,0,0,0,0,0,20,0
1727337202.227494,4,0,228,0,66,54,57.0,6.0,0,inf,0,[],0,0,0,0,0,0,0,80,0
1727337202.227849,4,0,228,0,66,54,57.0,6.0,0,inf,0,[],0,0,0,0,0,0,0,80,0
1727337202.228092,4,0,228,0,66,54,57.0,6.0,0,inf,0,[],0,0,0,0,0,0,0,80,0
1727337202.232435,4,0,228,0,66,54,57.0,6.0,0,inf,0,[],0,0,0,0,0,0,0,80,0
1727337202.232730,4,0,228,0,66,54,57.0,6.0,0,inf,0,[],0,0,0,0,0,0,0,80,0
1727337202.232973,1,0,66,0,66,66,66.0,,0,inf,0,[],0,0,0,0,0,0,0,20,0
1727337202.234436,2,0,120,0,66,54,60.0,8.48528137423857,0,inf,0,[],0,0,0,0,0,0,0,40,0
1727337202.234436,2,0,120,0,66,54,60.0,8.48528137423857,0,inf,0,[],0,0,0,0,0,0,0,40,0
1727337202.234436,2,0,120,0,66,54,60.0,8.48528137423857,0,inf,0,[],0,0,0,0,0,0,0,40,0
1727337202.234436,2,0,120,0,66,54,60.0,8.48528137423857,0,inf,0,[],0,0,0,0,0,0,0,40,0
1727337202.234436,2,0,120,0,66,54,60.0,8.48528137423857,0,inf,0,[],0,0,0,0,0,0,0,40,0
1727337202.305238,11,0,3888,0,1506,54,353.45454545454544,575.6310213385591,0,inf,0,[],0,0,0,0,0,0,0,220,0
1727337202.328540,18,0,7847,0,1506,54,435.94444444444446,596.1312994163206,0,inf,0,[],0,0,0,0,0,0,0,360,0
1727337202.333300,145,0,14438,0,1506,54,99.57241379310345,145.21515382487857,0,inf,0,[],0,0,0,0,0,0,0,2900,0
1727337202.362081,572,0,754581,0,1506,54,1319.1975524475524,453.1418954003577,0,inf,0,[],0,0,0,0,0,0,0,11440,0
1727337202.892065,4,0,228,0,66,54,57.0,6.0,0,inf,0,[],0,0,0,0,0,0,0,80,0
1727337202.892374,4,0,228,0,66,54,57.0,6.0,0,inf,0,[],0,0,0,0,0,0,0,80,0
1727337202.892616,4,0,228,0,66,54,57.0,6.0,0,inf,0,[],0,0,0,0,0,0,0,80,0
1727337202.893941,4,0,228,0,66,54,57.0,6.0,0,inf,0,[],0,0,0,0,0,0,0,80,0
1727337202.894209,4,0,228,0,66,54,57.0,6.0,0,inf,0,[],0,0,0,0,0,0,0,80,0
1727337202.894387,1,0,66,0,66,66,66.0,,0,inf,0,[],0,0,0,0,0,0,0,20,0
1727337202.894987,2,0,120,0,66,54,60.0,8.48528137423857,0,inf,0,[],0,0,0,0,0,0,0,40,0
1727337202.894987,2,0,120,0,66,54,60.0,8.48528137423857,0,inf,0,[],0,0,0,0,0,0,0,40,0
1727337202.895262,2,0,120,0,66,54,60.0,8.48528137423857,0,inf,0,[],0,0,0,0,0,0,0,40,0
1727337202.899679,2,0,120,0,66,54,60.0,8.48528137423857,0,inf,0,[],0,0,0,0,0,0,0,40,0
1727337202.899679,2,0,120,0,66,54,60.0,8.48528137423857,0,inf,0,[],0,0,0,0,0,0,0,40,0
1727337203.048651,4,0,228,0,66,54,57.0,6.0,0,inf,0,[],0,0,0,0,0,0,0,80,0
1727337203.048945,4,0,228,0,66,54,57.0,6.0,0,inf,0,[],0,0,0,0,0,0,0,80,0
1727337203.049106,4,0,228,0,66,54,57.0,6.0,0,inf,0,[],0,0,0,0,0,0,0,80,0
1727337203.055130,2,0,120,0,66,54,60.0,8.48528137423857,0,inf,0,[],0,0,0,0,0,0,0,40,0
1727337203.055130,2,0,120,0,66,54,60.0,8.48528137423857,0,inf,0,[],0,0,0,0,0,0,0,40,0
1727337203.055130,2,0,120,0,66,54,60.0,8.48528137423857,0,inf,0,[],0,0,0,0,0,0,0,40,0
1727337203.165314,162,0,73577,0,817,54,454.179012345679,101.94657621275445,0,inf,0,[],0,0,0,0,0,0,0,3240,0
1727337203.183439,163,0,10950,0,1506,54,67.17791411042944,118.80931502354078,0,inf,0,[],0,0,0,0,0,0,0,3260,0
1727337203.242876,52,0,8258,0,1454,54,158.80769230769232,285.36670858921286,0,inf,0,[],0,0,0,0,0,0,0,1040,0
1727337203.243099,29,0,7608,0,1506,54,262.3448275862069,373.5691058523049,0,inf,0,[],0,0,0,0,0,0,0,580,0
1727337203.274160,314,0,434216,0,1474,54,1382.8535031847134,323.35369837511405,0,inf,0,[],0,0,0,0,0,0,0,6280,0
1727337203.274160,167,0,216555,0,1486,54,1296.7365269461077,441.5582239111031,0,inf,0,[],0,0,0,0,0,0,0,3340,0
1727337203.683414,4,0,228,0,66,54,57.0,6.0,0,inf,0,[],0,0,0,0,0,0,0,80,0
1727337203.683756,4,0,228,0,66,54,57.0,6.0,0,inf,0,[],0,0,0,0,0,0,0,80,0
1727337203.684044,4,0,228,0,66,54,57.0,6.0,0,inf,0,[],0,0,0,0,0,0,0,80,0
1727337203.690284,2,0,120,0,66,54,60.0,8.48528137423857,0,inf,0,[],0,0,0,0,0,0,0,40,0
1727337203.690284,2,0,120,0,66,54,60.0,8.48528137423857,0,inf,0,[],0,0,0,0,0,0,0,40,0
1727337203.690284,2,0,120,0,66,54,60.0,8.48528137423857,0,inf,0,[],0,0,0,0,0,0,0,40,0
1727337203.722291,4,0,228,0,66,54,57.0,6.0,0,inf,0,[],0,0,0,0,0,0,0,80,0
1727337203.722472,4,0,228,0,66,54,57.0,6.0,0,inf,0,[],0,0,0,0,0,0,0,80,0
1727337203.722683,4,0,228,0,66,54,57.0,6.0,0,inf,0,[],0,0,0,0,0,0,0,80,0
1727337203.730211,2,0,120,0,66,54,60.0,8.48528137423857,0,inf,0,[],0,0,0,0,0,0,0,40,0
1727337203.730211,2,0,120,0,66,54,60.0,8.48528137423857,0,inf,0,[],0,0,0,0,0,0,0,40,0
1727337203.730211,2,0,120,0,66,54,60.0,8.48528137423857,0,inf,0,[],0,0,0,0,0,0,0,40,0
1727337204.014863,16,0,6389,0,1506,54,399.3125,444.7214437150518,0,inf,0,[],0,0,0,0,0,0,0,320,0
1727337204.016459,29,0,6273,0,1372,54,216.31034482758622,338.512935335066,0,inf,0,[],0,0,0,0,0,0,0,580,0
1727337204.017034,4,0,228,0,66,54,57.0,6.0,0,inf,0,[],0,0,0,0,0,0,0,80,0
1727337204.017430,4,0,228,0,66,54,57.0,6.0,0,inf,0,[],0,0,0,0,0,0,0,80,0
1727337204.017647,4,0,228,0,66,54,57.0,6.0,0,inf,0,[],0,0,0,0,0,0,0,80,0
1727337204.017973,4,0,228,0,66,54,57.0,6.0,0,inf,0,[],0,0,0,0,0,0,0,80,0
1727337204.018185,4,0,228,0,66,54,57.0,6.0,0,inf,0,[],0,0,0,0,0,0,0,80,0
1727337204.018381,1,0,66,0,66,66,66.0,,0,inf,0,[],0,0,0,0,0,0,0,20,0
1727337204.019498,2,0,120,0,66,54,60.0,8.48528137423857,0,inf,0,[],0,0,0,0,0,0,0,40,0
1727337204.020793,2,0,120,0,66,54,60.0,8.48528137423857,0,inf,0,[],0,0,0,0,0,0,0,40,0
1727337204.020793,2,0,120,0,66,54,60.0,8.48528137423857,0,inf,0,[],0,0,0,0,0,0,0,40,0
1727337204.021253,2,0,120,0,66,54,60.0,8.48528137423857,0,inf,0,[],0,0,0,0,0,0,0,40,0
1727337204.021253,2,0,120,0,66,54,60.0,8.48528137423857,0,inf,0,[],0,0,0,0,0,0,0,40,0
1727337204.021403,33,0,4408,0,1506,54,133.57575757575756,282.638686124068,0,inf,0,[],0,0,0,0,0,0,0,660,0
1727337204.021808,17,0,7049,0,1506,54,414.6470588235294,439.46557617981733,0,inf,0,[],0,0,0,0,0,0,0,340,0
1727337204.039509,199,0,254361,0,1392,54,1278.1959798994974,345.864378721784,0,inf,0,[],0,0,0,0,0,0,0,3980,0
1727337204.047866,55,0,57947,0,1486,54,1053.581818181818,585.4373386119795,0,inf,0,[],0,0,0,0,0,0,0,1100,0
1727337204.054158,28,0,17974,0,1486,54,641.9285714285714,590.2141437222048,0,inf,0,[],0,0,0,0,0,0,0,560,0
1727337204.054558,276,0,392809,0,1486,54,1423.2210144927535,282.28240867559276,0,inf,0,[],0,0,0,0,0,0,0,5520,0
1727337204.410207,16,0,3282,0,1506,54,205.125,366.16332876645816,0,inf,0,[],0,0,0,0,0,0,0,320,0
1727337204.436853,19,0,11917,0,1506,54,627.2105263157895,673.9493534340337,0,inf,0,[],0,0,0,0,0,0,0,380,0
1727337204.581209,4,0,228,0,66,54,57.0,6.0,0,inf,0,[],0,0,0,0,0,0,0,80,0
1727337204.581499,4,0,228,0,66,54,57.0,6.0,0,inf,0,[],0,0,0,0,0,0,0,80,0
1727337204.581677,4,0,228,0,66,54,57.0,6.0,0,inf,0,[],0,0,0,0,0,0,0,80,0
1727337204.592033,2,0,120,0,66,54,60.0,8.48528137423857,0,inf,0,[],0,0,0,0,0,0,0,40,0
1727337204.592033,2,0,120,0,66,54,60.0,8.48528137423857,0,inf,0,[],0,0,0,0,0,0,0,40,0
1727337204.592033,2,0,120,0,66,54,60.0,8.48528137423857,0,inf,0,[],0,0,0,0,0,0,0,40,0
1727337204.643890,4,0,228,0,66,54,57.0,6.0,0,inf,0,[],0,0,0,0,0,0,0,80,0
1727337204.644223,4,0,228,0,66,54,57.0,6.0,0,inf,0,[],0,0,0,0,0,0,0,80,0
1727337204.644448,4,0,228,0,66,54,57.0,6.0,0,inf,0,[],0,0,0,0,0,0,0,80,0
1727337204.647841,2,0,120,0,66,54,60.0,8.48528137423857,0,inf,0,[],0,0,0,0,0,0,0,40,0
1727337204.647841,2,0,120,0,66,54,60.0,8.48528137423857,0,inf,0,[],0,0,0,0,0,0,0,40,0
1727337204.647841,2,0,120,0,66,54,60.0,8.48528137423857,0,inf,0,[],0,0,0,0,0,0,0,40,0
1727337204.662384,4,0,228,0,66,54,57.0,6.0,0,inf,0,[],0,0,0,0,0,0,0,80,0
1727337204.662694,4,0,228,0,66,54,57.0,6.0,0,inf,0,[],0,0,0,0,0,0,0,80,0
1727337204.662886,4,0,228,0,66,54,57.0,6.0,0,inf,0,[],0,0,0,0,0,0,0,80,0
1727337204.666296,2,0,120,0,66,54,60.0,8.48528137423857,0,inf,0,[],0,0,0,0,0,0,0,40,0
1727337204.666296,2,0,120,0,66,54,60.0,8.48528137423857,0,inf,0,[],0,0,0,0,0,0,0,40,0
1727337204.666296,2,0,120,0,66,54,60.0,8.48528137423857,0,inf,0,[],0,0,0,0,0,0,0,40,0
1727337204.699911,10,0,3215,0,1506,54,321.5,483.4637180457978,0,inf,0,[],0,0,0,0,0,0,0,200,0
1727337204.749318,9,0,4456,0,1506,54,495.1111111111111,607.9431397023171,0,inf,0,[],0,0,0,0,0,0,0,180,0
1727337204.802688,4,0,228,0,66,54,57.0,6.0,0,inf,0,[],0,0,0,0,0,0,0,80,0
1727337204.803030,4,0,228,0,66,54,57.0,6.0,0,inf,0,[],0,0,0,0,0,0,0,80,0
1727337204.803420,4,0,228,0,66,54,57.0,6.0,0,inf,0,[],0,0,0,0,0,0,0,80,0
1727337204.805917,4,0,228,0,66,54,57.0,6.0,0,inf,0,[],0,0,0,0,0,0,0,80,0
1727337204.806651,4,0,228,0,66,54,57.0,6.0,0,inf,0,[],0,0,0,0,0,0,0,80,0
1727337204.807050,1,0,66,0,66,66,66.0,,0,inf,0,[],0,0,0,0,0,0,0,20,0
1727337204.823254,2,0,120,0,66,54,60.0,8.48528137423857,0,inf,0,[],0,0,0,0,0,0,0,40,0
1727337204.823254,2,0,120,0,66,54,60.0,8.48528137423857,0,inf,0,[],0,0,0,0,0,0,0,40,0
1727337204.823254,2,0,120,0,66,54,60.0,8.48528137423857,0,inf,0,[],0,0,0,0,0,0,0,40,0
1727337204.823254,2,0,120,0,66,54,60.0,8.48528137423857,0,inf,0,[],0,0,0,0,0,0,0,40,0
1727337204.823254,2,0,120,0,66,54,60.0,8.48528137423857,0,inf,0,[],0,0,0,0,0,0,0,40,0
1727337204.845136,4,0,228,0,66,54,57.0,6.0,0,inf,0,[],0,0,0,0,0,0,0,80,0
1727337204.845469,4,0,228,0,66,54,57.0,6.0,0,inf,0,[],0,0,0,0,0,0,0,80,0
1727337204.845681,4,0,228,0,66,54,57.0,6.0,0,inf,0,[],0,0,0,0,0,0,0,80,0
1727337204.849282,2,0,120,0,66,54,60.0,8.48528137423857,0,inf,0,[],0,0,0,0,0,0,0,40,0
1727337204.849282,2,0,120,0,66,54,60.0,8.48528137423857,0,inf,0,[],0,0,0,0,0,0,0,40,0
1727337204.859964,2,0,120,0,66,54,60.0,8.48528137423857,0,inf,0,[],0,0,0,0,0,0,0,40,0
1727337205.047573,4,0,228,0,66,54,57.0,6.0,0,inf,0,[],0,0,0,0,0,0,0,80,0
1727337205.047862,4,0,228,0,66,54,57.0,6.0,0,inf,0,[],0,0,0,0,0,0,0,80,0
1727337205.048029,4,0,228,0,66,54,57.0,6.0,0,inf,0,[],0,0,0,0,0,0,0,80,0
1727337205.059940,2,0,120,0,66,54,60.0,8.48528137423857,0,inf,0,[],0,0,0,0,0,0,0,40,0
1727337205.059940,2,0,120,0,66,54,60.0,8.48528137423857,0,inf,0,[],0,0,0,0,0,0,0,40,0
1727337205.059940,2,0,120,0,66,54,60.0,8.48528137423857,0,inf,0,[],0,0,0,0,0,0,0,40,0
1727337205.144364,4,0,228,0,66,54,57.0,6.0,0,inf,0,[],0,0,0,0,0,0,0,80,0
1727337205.144809,4,0,228,0,66,54,57.0,6.0,0,inf,0,[],0,0,0,0,0,0,0,80,0
1727337205.145030,4,0,228,0,66,54,57.0,6.0,0,inf,0,[],0,0,0,0,0,0,0,80,0
1727337205.148201,2,0,120,0,66,54,60.0,8.48528137423857,0,inf,0,[],0,0,0,0,0,0,0,40,0
1727337205.148201,2,0,120,0,66,54,60.0,8.48528137423857,0,inf,0,[],0,0,0,0,0,0,0,40,0
1727337205.148201,2,0,120,0,66,54,60.0,8.48528137423857,0,inf,0,[],0,0,0,0,0,0,0,40,0
1727337205.876181,4,0,228,0,66,54,57.0,6.0,0,inf,0,[],0,0,0,0,0,0,0,80,0
1727337205.876556,4,0,228,0,66,54,57.0,6.0,0,inf,0,[],0,0,0,0,0,0,0,80,0
1727337205.876739,4,0,228,0,66,54,57.0,6.0,0,inf,0,[],0,0,0,0,0,0,0,80,0
1727337205.878296,4,0,228,0,66,54,57.0,6.0,0,inf,0,[],0,0,0,0,0,0,0,80,0
1727337205.878373,2,0,120,0,66,54,60.0,8.48528137423857,0,inf,0,[],0,0,0,0,0,0,0,40,0
1727337205.878373,2,0,120,0,66,54,60.0,8.48528137423857,0,inf,0,[],0,0,0,0,0,0,0,40,0
1727337205.878608,4,0,228,0,66,54,57.0,6.0,0,inf,0,[],0,0,0,0,0,0,0,80,0
1727337205.878891,4,0,228,0,66,54,57.0,6.0,0,inf,0,[],0,0,0,0,0,0,0,80,0
1727337205.879721,2,0,120,0,66,54,60.0,8.48528137423857,0,inf,0,[],0,0,0,0,0,0,0,40,0
1727337205.879945,2,0,120,0,66,54,60.0,8.48528137423857,0,inf,0,[],0,0,0,0,0,0,0,40,0
1727337205.880346,2,0,120,0,66,54,60.0,8.48528137423857,0,inf,0,[],0,0,0,0,0,0,0,40,0
1727337205.880829,2,0,120,0,66,54,60.0,8.48528137423857,0,inf,0,[],0,0,0,0,0,0,0,40,0
1727337208.869122,10,0,2499,0,1074,54,249.9,338.0626010404319,0,inf,0,[],0,0,0,0,0,0,0,200,0
1727337209.190212,4,0,228,0,66,54,57.0,6.0,0,inf,0,[],0,0,0,0,0,0,0,80,0
1727337209.190516,4,0,228,0,66,54,57.0,6.0,0,inf,0,[],0,0,0,0,0,0,0,80,0
1727337209.190675,3,0,174,0,66,54,58.0,6.928203230275509,0,inf,0,[],0,0,0,0,0,0,0,60,0
1727337209.225485,10,0,7586,0,1506,54,758.6,668.5106497946678,0,inf,0,[],0,0,0,0,0,0,0,200,0
1727337209.225485,2,0,120,0,66,54,60.0,8.48528137423857,0,inf,0,[],0,0,0,0,0,0,0,40,0
1727337209.225485,2,0,120,0,66,54,60.0,8.48528137423857,0,inf,0,[],0,0,0,0,0,0,0,40,0
1727337209.225485,1,0,66,0,66,66,66.0,,0,inf,0,[],0,0,0,0,0,0,0,20,0
1727337209.660672,4,0,228,0,66,54,57.0,6.0,0,inf,0,[],0,0,0,0,0,0,0,80,0
1727337209.661159,4,0,228,0,66,54,57.0,6.0,0,inf,0,[],0,0,0,0,0,0,0,80,0
1727337209.665720,3,0,174,0,66,54,58.0,6.928203230275509,0,inf,0,[],0,0,0,0,0,0,0,60,0
1727337209.677617,2,0,120,0,66,54,60.0,8.48528137423857,0,inf,0,[],0,0,0,0,0,0,0,40,0
1727337209.677617,2,0,120,0,66,54,60.0,8.48528137423857,0,inf,0,[],0,0,0,0,0,0,0,40,0
1727337209.677617,1,0,66,0,66,66,66.0,,0,inf,0,[],0,0,0,0,0,0,0,20,0
1727337209.890916,4,0,228,0,66,54,57.0,6.0,0,inf,0,[],0,0,0,0,0,0,0,80,0
1727337209.891260,4,0,228,0,66,54,57.0,6.0,0,inf,0,[],0,0,0,0,0,0,0,80,0
1727337209.891475,4,0,228,0,66,54,57.0,6.0,0,inf,0,[],0,0,0,0,0,0,0,80,0
1727337209.895027,2,0,120,0,66,54,60.0,8.48528137423857,0,inf,0,[],0,0,0,0,0,0,0,40,0
1727337209.895406,2,0,120,0,66,54,60.0,8.48528137423857,0,inf,0,[],0,0,0,0,0,0,0,40,0
1727337209.895406,2,0,120,0,66,54,60.0,8.48528137423857,0,inf,0,[],0,0,0,0,0,0,0,40,0
1727337209.987717,4,0,228,0,66,54,57.0,6.0,0,inf,0,[],0,0,0,0,0,0,0,80,0
1727337209.988352,4,0,228,0,66,54,57.0,6.0,0,inf,0,[],0,0,0,0,0,0,0,80,0
1727337209.988655,3,0,174,0,66,54,58.0,6.928203230275509,0,inf,0,[],0,0,0,0,0,0,0,60,0
1727337209.991494,3,0,174,0,66,54,58.0,6.928203230275509,0,inf,0,[],0,0,0,0,0,0,0,60,0
1727337209.991494,3,0,174,0,66,54,58.0,6.928203230275509,0,inf,0,[],0,0,0,0,0,0,0,60,0
1727337209.993642,1,0,66,0,66,66,66.0,,0,inf,0,[],0,0,0,0,0,0,0,20,0
1727337210.805279,4,0,228,0,66,54,57.0,6.0,0,inf,0,[],0,0,0,0,0,0,0,80,0
1727337210.805597,4,0,228,0,66,54,57.0,6.0,0,inf,0,[],0,0,0,0,0,0,0,80,0
1727337210.805786,4,0,228,0,66,54,57.0,6.0,0,inf,0,[],0,0,0,0,0,0,0,80,0
1727337210.809498,2,0,120,0,66,54,60.0,8.48528137423857,0,inf,0,[],0,0,0,0,0,0,0,40,0
1727337210.809498,2,0,120,0,66,54,60.0,8.48528137423857,0,inf,0,[],0,0,0,0,0,0,0,40,0
1727337210.809498,2,0,120,0,66,54,60.0,8.48528137423857,0,inf,0,[],0,0,0,0,0,0,0,40,0
1727337210.874871,4,0,228,0,66,54,57.0,6.0,0,inf,0,[],0,0,0,0,0,0,0,80,0
1727337210.875080,4,0,228,0,66,54,57.0,6.0,0,inf,0,[],0,0,0,0,0,0,0,80,0
1727337210.875209,3,0,174,0,66,54,58.0,6.928203230275509,0,inf,0,[],0,0,0,0,0,0,0,60,0
1727337210.886513,2,0,120,0,66,54,60.0,8.48528137423857,0,inf,0,[],0,0,0,0,0,0,0,40,0
1727337210.886513,2,0,120,0,66,54,60.0,8.48528137423857,0,inf,0,[],0,0,0,0,0,0,0,40,0
1727337210.886513,1,0,66,0,66,66,66.0,,0,inf,0,[],0,0,0,0,0,0,0,20,0
1727337211.105175,4,0,228,0,66,54,57.0,6.0,0,inf,0,[],0,0,0,0,0,0,0,80,0
1727337211.105485,4,0,228,0,66,54,57.0,6.0,0,inf,0,[],0,0,0,0,0,0,0,80,0
1727337211.105654,4,0,228,0,66,54,57.0,6.0,0,inf,0,[],0,0,0,0,0,0,0,80,0
1727337211.109170,2,0,120,0,66,54,60.0,8.48528137423857,0,inf,0,[],0,0,0,0,0,0,0,40,0
1727337211.109170,2,0,120,0,66,54,60.0,8.48528137423857,0,inf,0,[],0,0,0,0,0,0,0,40,0
1727337211.109170,2,0,120,0,66,54,60.0,8.48528137423857,0,inf,0,[],0,0,0,0,0,0,0,40,0
1727337211.529428,4,0,228,0,66,54,57.0,6.0,0,inf,0,[],0,0,0,0,0,0,0,80,0
1727337211.530000,4,0,228,0,66,54,57.0,6.0,0,inf,0,[],0,0,0,0,0,0,0,80,0
1727337211.530249,4,0,228,0,66,54,57.0,6.0,0,inf,0,[],0,0,0,0,0,0,0,80,0
1727337211.534682,2,0,120,0,66,54,60.0,8.48528137423857,0,inf,0,[],0,0,0,0,0,0,0,40,0
1727337211.534993,2,0,120,0,66,54,60.0,8.48528137423857,0,inf,0,[],0,0,0,0,0,0,0,40,0
1727337211.534993,2,0,120,0,66,54,60.0,8.48528137423857,0,inf,0,[],0,0,0,0,0,0,0,40,0
1727337211.536884,4,0,228,0,66,54,57.0,6.0,0,inf,0,[],0,0,0,0,0,0,0,80,0
1727337211.537164,4,0,228,0,66,54,57.0,6.0,0,inf,0,[],0,0,0,0,0,0,0,80,0
1727337211.537339,3,0,174,0,66,54,58.0,6.928203230275509,0,inf,0,[],0,0,0,0,0,0,0,60,0
1727337211.542059,2,0,120,0,66,54,60.0,8.48528137423857,0,inf,0,[],0,0,0,0,0,0,0,40,0
1727337211.542059,3,0,174,0,66,54,58.0,6.928203230275509,0,inf,0,[],0,0,0,0,0,0,0,60,0
1727337211.542059,1,0,66,0,66,66,66.0,,0,inf,0,[],0,0,0,0,0,0,0,20,0
1727337211.865659,4,0,228,0,66,54,57.0,6.0,0,inf,0,[],0,0,0,0,0,0,0,80,0
1727337211.865922,4,0,228,0,66,54,57.0,6.0,0,inf,0,[],0,0,0,0,0,0,0,80,0
1727337211.866080,3,0,174,0,66,54,58.0,6.928203230275509,0,inf,0,[],0,0,0,0,0,0,0,60,0
1727337211.880700,2,0,120,0,66,54,60.0,8.48528137423857,0,inf,0,[],0,0,0,0,0,0,0,40,0
1727337211.880700,2,0,120,0,66,54,60.0,8.48528137423857,0,inf,0,[],0,0,0,0,0,0,0,40,0
1727337211.880700,1,0,66,0,66,66,66.0,,0,inf,0,[],0,0,0,0,0,0,0,20,0
1727337213.214346,4,0,228,0,66,54,57.0,6.0,0,inf,0,[],0,0,0,0,0,0,0,80,0
1727337213.214560,4,0,228,0,66,54,57.0,6.0,0,inf,0,[],0,0,0,0,0,0,0,80,0
1727337213.214696,3,0,174,0,66,54,58.0,6.928203230275509,0,inf,0,[],0,0,0,0,0,0,0,60,0
1727337213.226151,3,0,174,0,66,54,58.0,6.928203230275509,0,inf,0,[],0,0,0,0,0,0,0,60,0
1727337213.226151,2,0,120,0,66,54,60.0,8.48528137423857,0,inf,0,[],0,0,0,0,0,0,0,40,0
1727337213.226151,1,0,66,0,66,66,66.0,,0,inf,0,[],0,0,0,0,0,0,0,20,0
1727337213.448928,4,0,228,0,66,54,57.0,6.0,0,inf,0,[],0,0,0,0,0,0,0,80,0
1727337213.449116,4,0,228,0,66,54,57.0,6.0,0,inf,0,[],0,0,0,0,0,0,0,80,0
1727337213.449238,4,0,228,0,66,54,57.0,6.0,0,inf,0,[],0,0,0,0,0,0,0,80,0
1727337213.450926,3,0,174,0,66,54,58.0,6.928203230275509,0,inf,0,[],0,0,0,0,0,0,0,60,0
1727337213.450926,2,0,120,0,66,54,60.0,8.48528137423857,0,inf,0,[],0,0,0,0,0,0,0,40,0
1727337213.451196,2,0,120,0,66,54,60.0,8.48528137423857,0,inf,0,[],0,0,0,0,0,0,0,40,0
1727337213.498439,4,0,228,0,66,54,57.0,6.0,0,inf,0,[],0,0,0,0,0,0,0,80,0
1727337213.498780,4,0,228,0,66,54,57.0,6.0,0,inf,0,[],0,0,0,0,0,0,0,80,0
1727337213.499089,3,0,174,0,66,54,58.0,6.928203230275509,0,inf,0,[],0,0,0,0,0,0,0,60,0
1727337213.501542,2,0,120,0,66,54,60.0,8.48528137423857,0,inf,0,[],0,0,0,0,0,0,0,40,0
1727337213.501542,3,0,174,0,66,54,58.0,6.928203230275509,0,inf,0,[],0,0,0,0,0,0,0,60,0
1727337213.508359,1,0,66,0,66,66,66.0,,0,inf,0,[],0,0,0,0,0,0,0,20,0
1727337213.959723,4,0,228,0,66,54,57.0,6.0,0,inf,0,[],0,0,0,0,0,0,0,80,0
1727337213.959944,4,0,228,0,66,54,57.0,6.0,0,inf,0,[],0,0,0,0,0,0,0,80,0
1727337213.960076,4,0,228,0,66,54,57.0,6.0,0,inf,0,[],0,0,0,0,0,0,0,80,0
1727337213.979029,4,0,228,0,66,54,57.0,6.0,0,inf,0,[],0,0,0,0,0,0,0,80,0
1727337213.979293,4,0,228,0,66,54,57.0,6.0,0,inf,0,[],0,0,0,0,0,0,0,80,0
1727337213.979522,1,0,66,0,66,66,66.0,,0,inf,0,[],0,0,0,0,0,0,0,20,0
1727337213.980673,2,0,120,0,66,54,60.0,8.48528137423857,0,inf,0,[],0,0,0,0,0,0,0,40,0
1727337213.980673,2,0,120,0,66,54,60.0,8.48528137423857,0,inf,0,[],0,0,0,0,0,0,0,40,0
1727337213.980673,2,0,120,0,66,54,60.0,8.48528137423857,0,inf,0,[],0,0,0,0,0,0,0,40,0
1727337214.002316,2,0,120,0,66,54,60.0,8.48528137423857,0,inf,0,[],0,0,0,0,0,0,0,40,0
1727337214.002316,3,0,174,0,66,54,58.0,6.928203230275509,0,inf,0,[],0,0,0,0,0,0,0,60,0
1727337214.118552,18,0,5566,0,1466,54,309.22222222222223,451.73593998831245,0,inf,0,[],0,0,0,0,0,0,0,360,0
1727337214.179250,26,0,9796,0,1466,54,376.7692307692308,540.310600132354,0,inf,0,[],0,0,0,0,0,0,0,520,0
1727337214.419243,4,0,228,0,66,54,57.0,6.0,0,inf,0,[],0,0,0,0,0,0,0,80,0
1727337214.419473,4,0,228,0,66,54,57.0,6.0,0,inf,0,[],0,0,0,0,0,0,0,80,0
1727337214.419604,3,0,174,0,66,54,58.0,6.928203230275509,0,inf,0,[],0,0,0,0,0,0,0,60,0
1727337214.424938,2,0,120,0,66,54,60.0,8.48528137423857,0,inf,0,[],0,0,0,0,0,0,0,40,0
1727337214.424938,2,0,120,0,66,54,60.0,8.48528137423857,0,inf,0,[],0,0,0,0,0,0,0,40,0
1727337214.442256,1,0,66,0,66,66,66.0,,0,inf,0,[],0,0,0,0,0,0,0,20,0
1727337214.751883,11,0,4586,0,1292,75,416.90909090909093,562.3026684171887,0,inf,0,[],0,0,0,0,0,0,0,220,0
1727337214.797307,12,0,9352,0,1292,66,779.3333333333334,587.2200042005835,0,inf,0,[],0,0,0,0,0,0,0,240,0
1727337214.919789,4,0,228,0,66,54,57.0,6.0,0,inf,0,[],0,0,0,0,0,0,0,80,0
1727337214.920090,4,0,228,0,66,54,57.0,6.0,0,inf,0,[],0,0,0,0,0,0,0,80,0
1727337214.920305,3,0,174,0,66,54,58.0,6.928203230275509,0,inf,0,[],0,0,0,0,0,0,0,60,0
1727337214.920666,4,0,228,0,66,54,57.0,6.0,0,inf,0,[],0,0,0,0,0,0,0,80,0
1727337214.920863,4,0,228,0,66,54,57.0,6.0,0,inf,0,[],0,0,0,0,0,0,0,80,0
1727337214.921035,1,0,66,0,66,66,66.0,,0,inf,0,[],0,0,0,0,0,0,0,20,0
1727337215.002025,2,0,120,0,66,54,60.0,8.48528137423857,0,inf,0,[],0,0,0,0,0,0,0,40,0
1727337215.002025,2,0,120,0,66,54,60.0,8.48528137423857,0,inf,0,[],0,0,0,0,0,0,0,40,0
1727337215.002025,1,0,66,0,66,66,66.0,,0,inf,0,[],0,0,0,0,0,0,0,20,0
1727337215.002025,2,0,120,0,66,54,60.0,8.48528137423857,0,inf,0,[],0,0,0,0,0,0,0,40,0
1727337215.002025,2,0,120,0,66,54,60.0,8.48528137423857,0,inf,0,[],0,0,0,0,0,0,0,40,0
1727337215.382266,4,0,228,0,66,54,57.0,6.0,0,inf,0,[],0,0,0,0,0,0,0,80,0
1727337215.382723,4,0,228,0,66,54,57.0,6.0,0,inf,0,[],0,0,0,0,0,0,0,80,0
1727337215.383532,3,0,174,0,66,54,58.0,6.928203230275509,0,inf,0,[],0,0,0,0,0,0,0,60,0
1727337215.393208,3,0,174,0,66,54,58.0,6.928203230275509,0,inf,0,[],0,0,0,0,0,0,0,60,0
1727337215.393208,3,0,174,0,66,54,58.0,6.928203230275509,0,inf,0,[],0,0,0,0,0,0,0,60,0
1727337215.393208,1,0,66,0,66,66,66.0,,0,inf,0,[],0,0,0,0,0,0,0,20,0
1727337215.840780,4,0,228,0,66,54,57.0,6.0,0,inf,0,[],0,0,0,0,0,0,0,80,0
1727337215.841038,4,0,228,0,66,54,57.0,6.0,0,inf,0,[],0,0,0,0,0,0,0,80,0
1727337215.841281,4,0,228,0,66,54,57.0,6.0,0,inf,0,[],0,0,0,0,0,0,0,80,0
1727337215.843400,2,0,120,0,66,54,60.0,8.48528137423857,0,inf,0,[],0,0,0,0,0,0,0,40,0
1727337215.843400,2,0,120,0,66,54,60.0,8.48528137423857,0,inf,0,[],0,0,0,0,0,0,0,40,0
1727337215.843400,2,0,120,0,66,54,60.0,8.48528137423857,0,inf,0,[],0,0,0,0,0,0,0,40,0
1727337215.879843,20,0,8843,0,1506,54,442.15,634.0093204528247,0,inf,0,[],0,0,0,0,0,0,0,400,0
1727337215.915965,26,0,9119,0,1506,54,350.7307692307692,514.3225880859061,0,inf,0,[],0,0,0,0,0,0,0,520,0
1727337216.050827,4,0,228,0,66,54,57.0,6.0,0,inf,0,[],0,0,0,0,0,0,0,80,0
1727337216.051059,4,0,228,0,66,54,57.0,6.0,0,inf,0,[],0,0,0,0,0,0,0,80,0
1727337216.051216,4,0,228,0,66,54,57.0,6.0,0,inf,0,[],0,0,0,0,0,0,0,80,0
1727337216.062201,2,0,120,0,66,54,60.0,8.48528137423857,0,inf,0,[],0,0,0,0,0,0,0,40,0
1727337216.062201,3,0,174,0,66,54,58.0,6.928203230275509,0,inf,0,[],0,0,0,0,0,0,0,60,0
1727337216.062201,2,0,120,0,66,54,60.0,8.48528137423857,0,inf,0,[],0,0,0,0,0,0,0,40,0
1727337216.089684,4,0,228,0,66,54,57.0,6.0,0,inf,0,[],0,0,0,0,0,0,0,80,0
1727337216.090043,4,0,228,0,66,54,57.0,6.0,0,inf,0,[],0,0,0,0,0,0,0,80,0
1727337216.090309,4,0,228,0,66,54,57.0,6.0,0,inf,0,[],0,0,0,0,0,0,0,80,0
1727337216.094683,2,0,120,0,66,54,60.0,8.48528137423857,0,inf,0,[],0,0,0,0,0,0,0,40,0
1727337216.094683,2,0,120,0,66,54,60.0,8.48528137423857,0,inf,0,[],0,0,0,0,0,0,0,40,0
1727337216.095003,2,0,120,0,66,54,60.0,8.48528137423857,0,inf,0,[],0,0,0,0,0,0,0,40,0
1727337216.097328,3,0,174,0,66,54,58.0,6.928203230275509,0,inf,0,[],0,0,0,0,0,0,0,60,0
1727337216.097612,4,0,228,0,66,54,57.0,6.0,0,inf,0,[],0,0,0,0,0,0,0,80,0
1727337216.097893,4,0,228,0,66,54,57.0,6.0,0,inf,0,[],0,0,0,0,0,0,0,80,0
1727337216.101609,1,0,66,0,66,66,66.0,,0,inf,0,[],0,0,0,0,0,0,0,20,0
1727337216.101609,3,0,174,0,66,54,58.0,6.928203230275509,0,inf,0,[],0,0,0,0,0,0,0,60,0
1727337216.101950,3,0,174,0,66,54,58.0,6.928203230275509,0,inf,0,[],0,0,0,0,0,0,0,60,0
1727337217.108849,4,0,228,0,66,54,57.0,6.0,0,inf,0,[],0,0,0,0,0,0,0,80,0
1727337217.112435,2,0,120,0,66,54,60.0,8.48528137423857,0,inf,0,[],0,0,0,0,0,0,0,40,0
1727337217.142792,4,0,228,0,66,54,57.0,6.0,0,inf,0,[],0,0,0,0,0,0,0,80,0
1727337217.143266,4,0,228,0,66,54,57.0,6.0,0,inf,0,[],0,0,0,0,0,0,0,80,0
1727337217.143502,4,0,228,0,66,54,57.0,6.0,0,inf,0,[],0,0,0,0,0,0,0,80,0
1727337217.148952,2,0,120,0,66,54,60.0,8.48528137423857,0,inf,0,[],0,0,0,0,0,0,0,40,0
1727337217.150918,2,0,120,0,66,54,60.0,8.48528137423857,0,inf,0,[],0,0,0,0,0,0,0,40,0
1727337217.150918,2,0,120,0,66,54,60.0,8.48528137423857,0,inf,0,[],0,0,0,0,0,0,0,40,0
1727337218.213769,4,0,228,0,66,54,57.0,6.0,0,inf,0,[],0,0,0,0,0,0,0,80,0
1727337218.214021,4,0,228,0,66,54,57.0,6.0,0,inf,0,[],0,0,0,0,0,0,0,80,0
1727337218.214227,3,0,174,0,66,54,58.0,6.928203230275509,0,inf,0,[],0,0,0,0,0,0,0,60,0
1727337218.214616,4,0,228,0,66,54,57.0,6.0,0,inf,0,[],0,0,0,0,0,0,0,80,0
1727337218.214826,4,0,228,0,66,54,57.0,6.0,0,inf,0,[],0,0,0,0,0,0,0,80,0
1727337218.214959,1,0,66,0,66,66,66.0,,0,inf,0,[],0,0,0,0,0,0,0,20,0
1727337218.222348,3,0,174,0,66,54,58.0,6.928203230275509,0,inf,0,[],0,0,0,0,0,0,0,60,0
1727337218.222348,3,0,174,0,66,54,58.0,6.928203230275509,0,inf,0,[],0,0,0,0,0,0,0,60,0
1727337218.222697,1,0,66,0,66,66,66.0,,0,inf,0,[],0,0,0,0,0,0,0,20,0
1727337218.222697,3,0,174,0,66,54,58.0,6.928203230275509,0,inf,0,[],0,0,0,0,0,0,0,60,0
1727337218.222697,3,0,174,0,66,54,58.0,6.928203230275509,0,inf,0,[],0,0,0,0,0,0,0,60,0
1727337218.522940,4,0,228,0,66,54,57.0,6.0,0,inf,0,[],0,0,0,0,0,0,0,80,0
1727337218.523404,4,0,228,0,66,54,57.0,6.0,0,inf,0,[],0,0,0,0,0,0,0,80,0
1727337218.523609,4,0,228,0,66,54,57.0,6.0,0,inf,0,[],0,0,0,0,0,0,0,80,0
1727337218.525251,2,0,120,0,66,54,60.0,8.48528137423857,0,inf,0,[],0,0,0,0,0,0,0,40,0
1727337218.525251,2,0,120,0,66,54,60.0,8.48528137423857,0,inf,0,[],0,0,0,0,0,0,0,40,0
1727337218.525544,2,0,120,0,66,54,60.0,8.48528137423857,0,inf,0,[],0,0,0,0,0,0,0,40,0
1727337218.573060,11,0,5242,0,1292,76,476.54545454545456,558.5712781080609,0,inf,0,[],0,0,0,0,0,0,0,220,0
1727337218.594935,4,0,228,0,66,54,57.0,6.0,0,inf,0,[],0,0,0,0,0,0,0,80,0
1727337218.595130,4,0,228,0,66,54,57.0,6.0,0,inf,0,[],0,0,0,0,0,0,0,80,0
1727337218.595274,3,0,174,0,66,54,58.0,6.928203230275509,0,inf,0,[],0,0,0,0,0,0,0,60,0
1727337218.623478,2,0,120,0,66,54,60.0,8.48528137423857,0,inf,0,[],0,0,0,0,0,0,0,40,0
1727337218.623478,2,0,120,0,66,54,60.0,8.48528137423857,0,inf,0,[],0,0,0,0,0,0,0,40,0
1727337218.623478,1,0,66,0,66,66,66.0,,0,inf,0,[],0,0,0,0,0,0,0,20,0
1727337218.633820,13,0,9557,0,1292,63,735.1538461538462,588.1311993869291,0,inf,0,[],0,0,0,0,0,0,0,260,0
1727337218.650745,10,0,2392,0,1466,54,239.2,444.9331535310794,0,inf,0,[],0,0,0,0,0,0,0,200,0
1727337218.675937,4,0,228,0,66,54,57.0,6.0,0,inf,0,[],0,0,0,0,0,0,0,80,0
1727337218.676215,4,0,228,0,66,54,57.0,6.0,0,inf,0,[],0,0,0,0,0,0,0,80,0
1727337218.697714,2,0,120,0,66,54,60.0,8.48528137423857,0,inf,0,[],0,0,0,0,0,0,0,40,0
1727337218.697714,2,0,120,0,66,54,60.0,8.48528137423857,0,inf,0,[],0,0,0,0,0,0,0,40,0
1727337218.714861,9,0,6866,0,1466,54,762.8888888888889,681.8593044837851,0,inf,0,[],0,0,0,0,0,0,0,180,0
1727337218.832390,6,0,324,0,54,54,54.0,0.0,0,inf,0,[],0,0,0,0,0,0,0,120,0
1727337218.857422,9,0,1225,0,407,54,136.11111111111111,137.2784073010432,0,inf,0,[],0,0,0,0,0,0,0,180,0
1727337218.893441,13,0,5992,0,1466,54,460.9230769230769,603.1370023383937,0,inf,0,[],0,0,0,0,0,0,0,260,0
1727337218.996351,17,0,7250,0,1506,54,426.47058823529414,621.5167050899616,0,inf,0,[],0,0,0,0,0,0,0,340,0
1727337218.998142,10,0,3830,0,1506,54,383.0,599.2825339984101,0,inf,0,[],0,0,0,0,0,0,0,200,0
1727337219.000906,11,0,3888,0,1506,54,353.45454545454544,577.1632981464368,0,inf,0,[],0,0,0,0,0,0,0,220,0
1727337219.043246,23,0,8671,0,1506,54,377.0,540.2494373393225,0,inf,0,[],0,0,0,0,0,0,0,460,0
1727337219.043246,17,0,7781,0,1506,54,457.70588235294116,607.0638109690243,0,inf,0,[],0,0,0,0,0,0,0,340,0
1727337219.043246,18,0,7838,0,1506,54,435.44444444444446,596.5445816604965,0,inf,0,[],0,0,0,0,0,0,0,360,0
1727337219.053886,15,0,5739,0,1506,54,382.6,588.2675290327402,0,inf,0,[],0,0,0,0,0,0,0,300,0
1727337219.056261,15,0,5827,0,1506,54,388.46666666666664,585.0045014071828,0,inf,0,[],0,0,0,0,0,0,0,300,0
1727337219.090073,20,0,8230,0,1506,54,411.5,570.9291134909648,0,inf,0,[],0,0,0,0,0,0,0,400,0
1727337219.092691,22,0,8335,0,1506,54,378.8636363636364,552.8877691551742,0,inf,0,[],0,0,0,0,0,0,0,440,0
1727337220.404237,4,0,228,0,66,54,57.0,6.0,0,inf,0,[],0,0,0,0,0,0,0,80,0
1727337220.404525,4,0,228,0,66,54,57.0,6.0,0,inf,0,[],0,0,0,0,0,0,0,80,0
1727337220.404697,4,0,228,0,66,54,57.0,6.0,0,inf,0,[],0,0,0,0,0,0,0,80,0
1727337220.433550,2,0,120,0,66,54,60.0,8.48528137423857,0,inf,0,[],0,0,0,0,0,0,0,40,0
1727337220.433550,2,0,120,0,66,54,60.0,8.48528137423857,0,inf,0,[],0,0,0,0,0,0,0,40,0
1727337220.433937,2,0,120,0,66,54,60.0,8.48528137423857,0,inf,0,[],0,0,0,0,0,0,0,40,0
1727337220.546435,4,0,228,0,66,54,57.0,6.0,0,inf,0,[],0,0,0,0,0,0,0,80,0
1727337220.548343,4,0,228,0,66,54,57.0,6.0,0,inf,0,[],0,0,0,0,0,0,0,80,0
1727337220.548959,4,0,228,0,66,54,57.0,6.0,0,inf,0,[],0,0,0,0,0,0,0,80,0
1727337220.550054,4,0,228,0,66,54,57.0,6.0,0,inf,0,[],0,0,0,0,0,0,0,80,0
1727337220.550596,4,0,228,0,66,54,57.0,6.0,0,inf,0,[],0,0,0,0,0,0,0,80,0
1727337220.550958,1,0,66,0,66,66,66.0,,0,inf,0,[],0,0,0,0,0,0,0,20,0
1727337220.552736,5,0,294,0,66,54,58.8,6.572670690061993,0,inf,0,[],0,0,0,0,0,0,0,100,0
1727337220.553501,5,0,294,0,66,54,58.8,6.572670690061993,0,inf,0,[],0,0,0,0,0,0,0,100,0
1727337220.553717,5,0,294,0,66,54,58.8,6.572670690061993,0,inf,0,[],0,0,0,0,0,0,0,100,0
1727337220.568963,2,0,120,0,66,54,60.0,8.48528137423857,0,inf,0,[],0,0,0,0,0,0,0,40,0
1727337220.568963,2,0,120,0,66,54,60.0,8.48528137423857,0,inf,0,[],0,0,0,0,0,0,0,40,0
1727337220.568963,2,0,120,0,66,54,60.0,8.48528137423857,0,inf,0,[],0,0,0,0,0,0,0,40,0
1727337220.568963,2,0,120,0,66,54,60.0,8.48528137423857,0,inf,0,[],0,0,0,0,0,0,0,40,0
1727337220.568963,3,0,174,0,66,54,58.0,6.928203230275509,0,inf,0,[],0,0,0,0,0,0,0,60,0
1727337221.262763,4,0,228,0,66,54,57.0,6.0,0,inf,0,[],0,0,0,0,0,0,0,80,0
1727337221.263182,4,0,228,0,66,54,57.0,6.0,0,inf,0,[],0,0,0,0,0,0,0,80,0
1727337221.263479,4,0,228,0,66,54,57.0,6.0,0,inf,0,[],0,0,0,0,0,0,0,80,0
1727337221.265250,2,0,120,0,66,54,60.0,8.48528137423857,0,inf,0,[],0,0,0,0,0,0,0,40,0
1727337221.265250,2,0,120,0,66,54,60.0,8.48528137423857,0,inf,0,[],0,0,0,0,0,0,0,40,0
1727337221.265250,2,0,120,0,66,54,60.0,8.48528137423857,0,inf,0,[],0,0,0,0,0,0,0,40,0
1727337221.362933,10,0,3083,0,1506,54,308.3,465.4274140806252,0,inf,0,[],0,0,0,0,0,0,0,200,0
1727337221.569643,2,0,120,0,66,54,60.0,8.48528137423857,0,inf,0,[],0,0,0,0,0,0,0,40,0
1727337221.569643,2,0,120,0,66,54,60.0,8.48528137423857,0,inf,0,[],0,0,0,0,0,0,0,40,0
1727337221.569661,3,0,174,0,66,54,58.0,6.928203230275509,0,inf,0,[],0,0,0,0,0,0,0,60,0
1727337221.569957,2,0,120,0,66,54,60.0,8.48528137423857,0,inf,0,[],0,0,0,0,0,0,0,40,0
1727337221.579260,1,0,66,0,66,66,66.0,,0,inf,0,[],0,0,0,0,0,0,0,20,0
1727337221.591205,11,0,7351,0,1494,54,668.2727272727273,667.672837684609,0,inf,0,[],0,0,0,0,0,0,0,220,0
1727337221.974656,27,0,3929,0,1506,54,145.5185185185185,298.74949248368483,0,inf,0,[],0,0,0,0,0,0,0,540,0
1727337222.003515,112,0,155364,0,1506,54,1387.1785714285713,380.176185194354,0,inf,0,[],0,0,0,0,0,0,0,2240,0
1727337222.173797,4,0,228,0,66,54,57.0,6.0,0,inf,0,[],0,0,0,0,0,0,0,80,0
1727337222.174405,4,0,228,0,66,54,57.0,6.0,0,inf,0,[],0,0,0,0,0,0,0,80,0
1727337222.174809,3,0,174,0,66,54,58.0,6.928203230275509,0,inf,0,[],0,0,0,0,0,0,0,60,0
1727337222.184643,2,0,120,0,66,54,60.0,8.48528137423857,0,inf,0,[],0,0,0,0,0,0,0,40,0
1727337222.184643,2,0,120,0,66,54,60.0,8.48528137423857,0,inf,0,[],0,0,0,0,0,0,0,40,0
1727337222.184643,1,0,66,0,66,66,66.0,,0,inf,0,[],0,0,0,0,0,0,0,20,0
1727337225.976061,22,0,6103,0,1366,54,277.40909090909093,403.1668281766139,0,inf,0,[],0,0,0,0,0,0,0,440,0
1727337226.220253,21,0,8350,0,1506,54,397.6190476190476,566.6261974344706,0,inf,0,[],0,0,0,0,0,0,0,420,0
1727337226.930597,12,0,1548,0,441,54,129.0,133.17998757662164,0,inf,0,[],0,0,0,0,0,0,0,240,0
1727337227.278429,12,0,7350,0,1506,54,612.5,678.2381587613602,0,inf,0,[],0,0,0,0,0,0,0,240,0
1727337229.861586,1,0,243,0,243,243,243.0,,0,inf,0,[],0,0,0,0,0,0,0,20,0
1727337230.468209,4,0,228,0,66,54,57.0,6.0,0,inf,0,[],0,0,0,0,0,0,0,80,0
1727337230.468549,4,0,228,0,66,54,57.0,6.0,0,inf,0,[],0,0,0,0,0,0,0,80,0
1727337230.468877,4,0,228,0,66,54,57.0,6.0,0,inf,0,[],0,0,0,0,0,0,0,80,0
1727337230.474048,2,0,120,0,66,54,60.0,8.48528137423857,0,inf,0,[],0,0,0,0,0,0,0,40,0
1727337230.474048,2,0,120,0,66,54,60.0,8.48528137423857,0,inf,0,[],0,0,0,0,0,0,0,40,0
1727337230.474048,2,0,120,0,66,54,60.0,8.48528137423857,0,inf,0,[],0,0,0,0,0,0,0,40,0
